Ziel, Empfohlene Benchmarks, Tools
Python-Coding, HumanEval+, MBPP, APPS, DS-1000, PandasEval, GSM8K, MATH, EvalPlus, SWE-bench,evalplus, lm-evaluation-harness
Mathematik, GSM8K, MATH, MathQA, NuminaMath, FinBench, lm-evaluation-harness
Datenanalyse, DS-1000, PandasEval, FinBench, evalplus
Sprachverständnis, MMLU-Pro, ARC, HellaSwag, TruthfulQA, lm-evaluation-harness
Reasoning, BBH, MMLU-Pro, GPQA, LongBench, FLASK, PlanBench, lm-evaluation-harness
Komplexe Aufgabenplanung, ALFWorld, WebShop, Mind2Web, AgentBench, lm-evaluation-harness
Sicherheit, AgentHarm, lm-evaluation-harness

Tool, Beschreibung, GitHub-Link
lm-evaluation-harness, Standard-Tool für LLM-Benchmarks (unterstützt 200+ Benchmarks)., [GitHub](https://github.com/EleutherAI/lm-evaluation-harness)
evalplus, Erweitert lm-evaluation-harness um Code-Ausführung (z. B. für HumanEval)., [GitHub](https://github.com/evalplus/evalplus)
langtest, Einfache API für Benchmarks (unterstützt HumanEval,  MMLU,  etc.)., [GitHub](https://github.com/osunlpyang/langtest)
open-llm-leaderboard, Leaderboard für lokale LLMs mit Standard-Benchmarks., [GitHub](https://huggingface.co/open-llm-leaderboard)
phoenix, Benchmark-Suite für LLMs mit Fokus auf Effizienz., [GitHub](https://github.com/h2oai/phoenix)

Literatur: The LLM Evaluation Handbook https://huggingface.co/spaces/OpenEvals/evaluation-guidebook